Serial,Main Category,Brand,SubCategory,Second SubCategory,Product Name,MRP Price,Offered Price,MRP Source,Image Count,Image Paths,Missing Price,Missing Images
1,Surgical Products,Believia,BP Apparatus,Aneroid,Believia Aneroid AN01 (HS-20A) Meter,2242,1550.53,sale_rate_sheet,3,C:\Users\ANC\Downloads\Compressed\Believia\BP WRIST\BELIEVIA ANEROID AN01 (HS20A) METER\IMG-20260522-WA0199.jpg | C:\Users\ANC\Downloads\Compressed\Believia\BP WRIST\BELIEVIA ANEROID AN01 (HS20A) METER\IMG-20260522-WA0201.jpg | C:\Users\ANC\Downloads\Compressed\Believia\BP WRIST\BELIEVIA ANEROID AN01 (HS20A) METER\IMG-20260522-WA0204.jpg,false,false
2,Surgical Products,Believia,BP Apparatus,Aneroid,Believia Palm Type Aneroid AN-02  (HS-201T)  Machine,4291.27,3065.19,calculated_40_percent_above_offered,2,C:\Users\ANC\Downloads\Compressed\Believia\BP WRIST\BELIEVIA PALM TYPE ANEROID AN-02 (HS-201T) MACHINE\1779364949571.png | C:\Users\ANC\Downloads\Compressed\Believia\BP WRIST\BELIEVIA PALM TYPE ANEROID AN-02 (HS-201T) MACHINE\IMG-20260522-WA0222.jpg,false,false
3,Surgical Products,Believia,BP Apparatus,Upper Arm (Automatic),Believa BP30W Machine,,,,0,,true,true
4,Surgical Products,Believia,BP Apparatus,Upper Arm (Automatic),Believia BP20FK Family Kit,,,,0,,true,true
5,Surgical Products,Believia,BP Apparatus,Upper Arm (Automatic),Believia BP30A (LD-532) BP Machine,8555,5216.98,sale_rate_sheet,2,C:\Users\ANC\Downloads\Compressed\Believia\BP UPPER ARM\BELIEVIA BP 30A(LD-532) BP MACHINE\IMG-20260522-WA0241.jpg | C:\Users\ANC\Downloads\Compressed\Believia\BP UPPER ARM\BELIEVIA BP 30A(LD-532) BP MACHINE\IMG-20260522-WA0244.jpg,false,false
6,Surgical Products,Believia,BP Apparatus,Upper Arm (Automatic),Believia BP40A (DBP-1333) BP Machine,6490,4079.07,sale_rate_sheet,4,C:\Users\ANC\Downloads\Compressed\Believia\BP UPPER ARM\BELIEVIA BP40A(DBP-1333) BP MACHINE\IMG-20260520-WA0233.jpg | C:\Users\ANC\Downloads\Compressed\Believia\BP UPPER ARM\BELIEVIA BP40A(DBP-1333) BP MACHINE\IMG-20260520-WA0234.jpg | C:\Users\ANC\Downloads\Compressed\Believia\BP UPPER ARM\BELIEVIA BP40A(DBP-1333) BP MACHINE\IMG-20260520-WA0235.jpg | C:\Users\ANC\Downloads\Compressed\Believia\BP UPPER ARM\BELIEVIA BP40A(DBP-1333) BP MACHINE\IMG-20260520-WA0250.jpg,false,false
7,Surgical Products,Believia,BP Apparatus,Upper Arm (Automatic),Believia BP40W Machine,4543,3251.69,sale_rate_sheet,0,,false,true
8,Surgical Products,Believia,BP Apparatus,Upper Arm (Automatic),Believia Digital BP50A Machine,,,,3,C:\Users\ANC\Downloads\Compressed\Believia\BP UPPER ARM\BELIEVIA DIGITAL BP 50A MACHINE\1779776588774.png | C:\Users\ANC\Downloads\Compressed\Believia\BP UPPER ARM\BELIEVIA DIGITAL BP 50A MACHINE\1779776660228.png | C:\Users\ANC\Downloads\Compressed\Believia\BP UPPER ARM\BELIEVIA DIGITAL BP 50A MACHINE\1779776717666.png,true,false
9,Surgical Products,Believia,BP Apparatus,Upper Arm (Automatic),Believia Digital BP-60A (KF-66EP) Machine,7490.64,4594.71,sale_rate_sheet,1,C:\Users\ANC\Downloads\Compressed\Believia\BP UPPER ARM\BELIEVIA DIGITAL BP-60A (KF-66EP) MACHINE\IMG-20260522-WA0239.jpg,false,false
10,Surgical Products,Believia,BP Apparatus,Mercurial,Believia Mercurial BP15M Machine,,,,0,,true,true
11,Surgical Products,Believia,Stethoscopes,Deluxe / Dual Head,Believia Deluxe DST05 (HS-30N) Steth,,,,0,,true,true
12,Surgical Products,Believia,Stethoscopes,Deluxe / Dual Head,Believia Deluxe DST05 (HS-30N) Steth Black,2178.57,1556.12,calculated_40_percent_above_offered,0,,false,true
13,Surgical Products,Believia,Stethoscopes,Deluxe / Dual Head,Believia Deluxe DST05 (HS-30N) Steth Blue,2236.92,1597.8,calculated_40_percent_above_offered,0,,false,true
14,Surgical Products,Believia,Stethoscopes,Deluxe / Dual Head,Believia Deluxe DST05 (HS-30N) Steth Burgundy,2236.92,1597.8,calculated_40_percent_above_offered,0,,false,true
15,Surgical Products,Believia,Stethoscopes,Deluxe / Dual Head,Believia Dual Head BCS-06 (HS-30J) Steth Black,3695.5,2639.64,calculated_40_percent_above_offered,0,,false,true
16,Surgical Products,Believia,Stethoscopes,Deluxe / Dual Head,Believia Dual Head BCS-06 (HS-30J) Steth Blue,3692.91,2637.79,calculated_40_percent_above_offered,0,,false,true
17,Surgical Products,Believia,Stethoscopes,Deluxe / Dual Head,Believia Dual Head BCS-06 (HS-30J) Steth Burgundy,3692.91,2637.79,calculated_40_percent_above_offered,10,C:\Users\ANC\Downloads\Compressed\Believia\Stethoscopes\BELIEVIA DUAL HEAD BCS-06(HS-30J) STETH BURGUNDY\IMG-20260521-WA0169.jpg | C:\Users\ANC\Downloads\Compressed\Believia\Stethoscopes\BELIEVIA DUAL HEAD BCS-06(HS-30J) STETH BURGUNDY\IMG-20260521-WA0170.jpg | C:\Users\ANC\Downloads\Compressed\Believia\Stethoscopes\BELIEVIA DUAL HEAD BCS-06(HS-30J) STETH BURGUNDY\IMG-20260521-WA0171(1).jpg | C:\Users\ANC\Downloads\Compressed\Believia\Stethoscopes\BELIEVIA DUAL HEAD BCS-06(HS-30J) STETH BURGUNDY\IMG-20260521-WA0171.jpg | C:\Users\ANC\Downloads\Compressed\Believia\Stethoscopes\BELIEVIA DUAL HEAD BCS-06(HS-30J) STETH BURGUNDY\IMG-20260521-WA0172(1).jpg | C:\Users\ANC\Downloads\Compressed\Believia\Stethoscopes\BELIEVIA DUAL HEAD BCS-06(HS-30J) STETH BURGUNDY\IMG-20260521-WA0172.jpg | C:\Users\ANC\Downloads\Compressed\Believia\Stethoscopes\BELIEVIA DUAL HEAD BCS-06(HS-30J) STETH BURGUNDY\IMG-20260521-WA0173.jpg | C:\Users\ANC\Downloads\Compressed\Believia\Stethoscopes\BELIEVIA DUAL HEAD BCS-06(HS-30J) STETH BURGUNDY\IMG-20260521-WA0174(1).jpg | C:\Users\ANC\Downloads\Compressed\Believia\Stethoscopes\BELIEVIA DUAL HEAD BCS-06(HS-30J) STETH BURGUNDY\IMG-20260521-WA0174.jpg | C:\Users\ANC\Downloads\Compressed\Believia\Stethoscopes\BELIEVIA DUAL HEAD BCS-06(HS-30J) STETH BURGUNDY\IMG-20260522-WA0225.jpg,false,false
18,Surgical Products,Believia,Stethoscopes,Deluxe / Dual Head,Believia Dual Head BCS-06 (HS-30J) Steth Grey,3692.91,2637.79,calculated_40_percent_above_offered,4,C:\Users\ANC\Downloads\Compressed\Believia\Stethoscopes\BELIEVIA DUAL HEAD BCS-06(HS-30J) STETH GREY\IMG-20260522-WA0224.jpg | C:\Users\ANC\Downloads\Compressed\Believia\Stethoscopes\BELIEVIA DUAL HEAD BCS-06(HS-30J) STETH GREY\IMG-20260522-WA0226.jpg | C:\Users\ANC\Downloads\Compressed\Believia\Stethoscopes\BELIEVIA DUAL HEAD BCS-06(HS-30J) STETH GREY\IMG-20260522-WA0227.jpg | C:\Users\ANC\Downloads\Compressed\Believia\Stethoscopes\BELIEVIA DUAL HEAD BCS-06(HS-30J) STETH GREY\IMG-20260522-WA0230.jpg,false,false
19,Surgical Products,Believia,Stethoscopes,Standard / Classic,Believia ST01 (HS-30B) Steth,,,,0,,true,true
20,Surgical Products,Believia,Stethoscopes,Standard / Classic,Believia ST05 Steth,,,,0,,true,true
21,Surgical Products,Believia,Thermometers,Digital,Believia DT10 (DMT-4333) Digital Thermometer,649,386.73,sale_rate_sheet,2,C:\Users\ANC\Downloads\Compressed\Believia\THERMOMETER & PULSE OXIMETER\Digital thermometer\IMG-20260522-WA0214.jpg | C:\Users\ANC\Downloads\Compressed\Believia\THERMOMETER & PULSE OXIMETER\Digital thermometer\IMG-20260522-WA0215.jpg,false,false
22,Surgical Products,Believia,Thermometers,Digital,Believia DT20 Digital Thermometer,,,,2,C:\Users\ANC\Downloads\Compressed\Believia\THERMOMETER & PULSE OXIMETER\Digital thermometer\IMG-20260522-WA0214.jpg | C:\Users\ANC\Downloads\Compressed\Believia\THERMOMETER & PULSE OXIMETER\Digital thermometer\IMG-20260522-WA0215.jpg,true,false
23,Surgical Products,Believia,Thermometers,Forehead / Infrared Gun,Believia infrared Forehead  IF 02T (DET-3012) Gun,,,,3,C:\Users\ANC\Downloads\Compressed\Believia\Misc BELIEVIA\BELIEVIA INFRARED FOREHEAD IF 02T (DET-3012) GUN\1779364702852.png | C:\Users\ANC\Downloads\Compressed\Believia\Misc BELIEVIA\BELIEVIA INFRARED FOREHEAD IF 02T (DET-3012) GUN\IMG-20260522-WA0223.jpg | C:\Users\ANC\Downloads\Compressed\Believia\Misc BELIEVIA\1779362055293.png,true,false
24,Surgical Products,Believia,Blood Glucose Monitors,Glucometers,Believia Bg-01 Blood Glucose Meter,2330,1100,sale_rate_sheet,0,,false,true
25,Surgical Products,Believia,Blood Glucose Monitors,Test Strips,Believia Blood Glucose 50ct Test Strip,1416,1078.43,sale_rate_sheet,0,,false,true
26,Surgical Products,Believia,Blood Glucose Monitors,Test Strips,Believia Blood Glucose Blister pack 50ct Test Strip,1981.6,1415.43,calculated_40_percent_above_offered,0,,false,true
27,Surgical Products,Believia,Blood Glucose Monitors,Lancets & Accessories,Believia 30G Flat Sterile Lancets 100ct,212.69,151.92,calculated_40_percent_above_offered,0,,false,true
28,Surgical Products,Believia,Blood Glucose Monitors,Lancets & Accessories,Believia 30G Twis Sterile Lancets 100ct,,,,0,,true,true
29,Surgical Products,Believia,Blood Glucose Monitors,Lancets & Accessories,Believia Flat FBL- Lancets 100ct,252.22,180.16,calculated_40_percent_above_offered,0,,false,true
30,Surgical Products,Believia,Blood Glucose Monitors,Lancets & Accessories,Believia Flat FBL Lancets 50ct,137.58,98.27,calculated_40_percent_above_offered,0,,false,true
31,Surgical Products,Believia,Blood Glucose Monitors,Lancets & Accessories,Believia Twist Blood 30G Lancets 100ct,252.22,180.16,calculated_40_percent_above_offered,0,,false,true
32,Surgical Products,Believia,Blood Glucose Monitors,Lancets & Accessories,Believia Twist TBL Lancets 50ct,116,82.86,calculated_40_percent_above_offered,0,,false,true
33,Surgical Products,Believia,Blood Glucose Monitors,Lancets & Accessories,Believia Lancing Device Pen,,,,0,,true,true
34,Surgical Products,Believia,Blood Glucose Monitors,Lancets & Accessories,Believia Alchohal Prep Pads,,,,0,,true,true
35,Surgical Products,Believia,Pulse Oximeters,Finger Tip,Believia Pulse Meter,4720,2964.92,sale_rate_sheet,1,C:\Users\ANC\Downloads\Compressed\Believia\THERMOMETER & PULSE OXIMETER\Pulse oximeter\IMG-20260522-WA0219.jpg,false,false
36,Surgical Products,Believia,Nebulizers,Compressor / Piston,Believia Compressor Nebulizer Nb-06 (KF-WHQ-07) Machine,5900,3577.24,sale_rate_sheet,3,C:\Users\ANC\Downloads\Compressed\Believia\BELIEVIA NEBULIZER\Compressor Nebulizer KHWQ_07\IMG-20260522-WA0207.jpg | C:\Users\ANC\Downloads\Compressed\Believia\BELIEVIA NEBULIZER\Compressor Nebulizer KHWQ_07\IMG-20260522-WA0208.jpg | C:\Users\ANC\Downloads\Compressed\Believia\Misc BELIEVIA\IMG-20260522-WA0213.jpg,false,false
37,Surgical Products,Believia,Nebulizers,Compressor / Piston,Believia Nebulizer NB03 Machine,6962,4588.45,sale_rate_sheet,0,,false,true
38,Surgical Products,Believia,Nebulizers,Compressor / Piston,Believia Nebulizer NB04 Machine,,,,0,,true,true
39,Surgical Products,Believia,Nebulizers,Mesh,Believia Mesh Nebulizer Machine,5918.85,4227.75,calculated_40_percent_above_offered,3,C:\Users\ANC\Downloads\Compressed\Believia\BELIEVIA NEBULIZER\Mesh nebulizer\IMG-20260522-WA0198.jpg | C:\Users\ANC\Downloads\Compressed\Believia\BELIEVIA NEBULIZER\Mesh nebulizer\IMG-20260522-WA0206.jpg | C:\Users\ANC\Downloads\Compressed\Believia\BELIEVIA NEBULIZER\Mesh nebulizer\Photo from Rizwan Alam.jpg,false,false
40,Surgical Products,Believia,Weighing Scales,Personal / Digital,Believia DT08 Personal (DT09-SS) Scale,6464.08,4617.2,calculated_40_percent_above_offered,2,C:\Users\ANC\Downloads\Compressed\Believia\Weight scales\Perosnal scale DT09SS\1779702398537.png | C:\Users\ANC\Downloads\Compressed\Believia\Weight scales\Perosnal scale DT09SS\1779702663567.png,false,false
41,Surgical Products,Believia,Weighing Scales,Personal / Digital,Believia DWS-005 Digital weight Scale,,,,0,,true,true
42,Surgical Products,Believia,Weighing Scales,Personal / Digital,Believia EB-3020A Digital weight Scale,3186,2089.45,sale_rate_sheet,5,C:\Users\ANC\Downloads\Compressed\Believia\BELIEVIA NEBULIZER\Personal scale 3020A\IMG-20260522-WA0209.jpg | C:\Users\ANC\Downloads\Compressed\Believia\BELIEVIA NEBULIZER\Personal scale 3020A\IMG-20260522-WA0216.jpg | C:\Users\ANC\Downloads\Compressed\Believia\Weight scales\Personal Glass Scale 3020A\IMG-20260522-WA0209.jpg | C:\Users\ANC\Downloads\Compressed\Believia\Weight scales\Personal Glass Scale 3020A\Photo from Rizwan Alam(1).jpg | C:\Users\ANC\Downloads\Compressed\Believia\Weight scales\Personal Glass Scale 3020A\Photo from Rizwan Alam.jpg,false,false
43,Surgical Products,Believia,Weighing Scales,Personal / Digital,Believia MB-3021 Digital weight Scale,,,,0,,true,true
44,Surgical Products,Believia,Weighing Scales,Personal / Digital,Believia MB3031 Electronic Mother and baby Weight Scale,,,,0,,true,true
45,Surgical Products,Believia,Weighing Scales,Personal / Digital,Believia Digital EBS-01 Baby Weight Scale,6726,5169.36,sale_rate_sheet,0,,false,true
46,Surgical Products,Believia,Weighing Scales,Mechanical,Believia BR2010B Mechanical Scale,2950,2071.77,sale_rate_sheet,2,C:\Users\ANC\Downloads\Compressed\Believia\Weight scales\Mechanical bathroom scale\1779700614023.png | C:\Users\ANC\Downloads\Compressed\Believia\Weight scales\Mechanical bathroom scale\1779700734297.png,false,false
47,Surgical Products,Believia,Weighing Scales,Height & Weight,Believia HWS-001 Height And Weight Scale,,,,3,C:\Users\ANC\Downloads\Compressed\Believia\Weight scales\Height and weight scale\1779700414538.png | C:\Users\ANC\Downloads\Compressed\Believia\Weight scales\Height and weight scale\1779700477880.png | C:\Users\ANC\Downloads\Compressed\Believia\Weight scales\Height and weight scale\1779700549761.png,true,false
48,Surgical Products,Believia,Heating Pads & Therapy,Heating Pads,Believia HP-01 Heating Pad,4756.78,3397.7,calculated_40_percent_above_offered,3,C:\Users\ANC\Downloads\Compressed\Believia\Misc BELIEVIA\BELIEVIA HEATING PAD\BELIEVIA HP-01 HEATING PAD\IMG-20260522-WA0245.jpg | C:\Users\ANC\Downloads\Compressed\Believia\Misc BELIEVIA\BELIEVIA HEATING PAD\BELIEVIA HP-01 HEATING PAD\IMG-20260522-WA0246.jpg | C:\Users\ANC\Downloads\Compressed\Believia\Misc BELIEVIA\IMG-20260522-WA0243.jpg,false,false
49,Surgical Products,Believia,Heating Pads & Therapy,Heating Pads,Believia NSH-02 Neck & Shoulder Heating Pad,7309.19,5220.85,calculated_40_percent_above_offered,3,C:\Users\ANC\Downloads\Compressed\Believia\Misc BELIEVIA\1780396078852.png | C:\Users\ANC\Downloads\Compressed\Believia\Misc BELIEVIA\1780396146548.png | C:\Users\ANC\Downloads\Compressed\Believia\Misc BELIEVIA\1780396213024.png,false,false
50,Surgical Products,Believia,Heating Pads & Therapy,TENS Therapy,Believia Tens Therapy ETD-002 Device,8850,6132.42,sale_rate_sheet,3,C:\Users\ANC\Downloads\Compressed\Believia\Misc BELIEVIA\BELIEVIA TENS THERAPY ETD-002 DEVICE\1779702042628.png | C:\Users\ANC\Downloads\Compressed\Believia\Misc BELIEVIA\BELIEVIA TENS THERAPY ETD-002 DEVICE\1779702202704.png | C:\Users\ANC\Downloads\Compressed\Believia\Misc BELIEVIA\BELIEVIA TENS THERAPY ETD-002 DEVICE\1779702271928.png,false,false
51,Surgical Products,Believia,Breast Pumps,Manual,Believia Manual MBP-01 Breast Pump,1888,1376.57,sale_rate_sheet,4,C:\Users\ANC\Downloads\Compressed\Believia\Misc BELIEVIA\BELIEVIA MANUAL MBP-01 BREAST PUMP\IMG-20260522-WA0234.jpg | C:\Users\ANC\Downloads\Compressed\Believia\Misc BELIEVIA\BELIEVIA MANUAL MBP-01 BREAST PUMP\IMG-20260522-WA0235.jpg | C:\Users\ANC\Downloads\Compressed\Believia\Misc BELIEVIA\BELIEVIA MANUAL MBP-01 BREAST PUMP\IMG-20260522-WA0236.jpg | C:\Users\ANC\Downloads\Compressed\Believia\Misc BELIEVIA\BELIEVIA MANUAL MBP-01 BREAST PUMP\IMG-20260522-WA0237.jpg,false,false
52,Surgical Products,Believia,Breast Pumps,Electric,Believia Electric EBP-01 (LD-2010) Breast Pump,12900,6157.27,sale_rate_sheet,2,C:\Users\ANC\Downloads\Compressed\Believia\Misc BELIEVIA\BELIEVIA ELECTRIC EBP-01 (LD-2010) BREAST PUMP\IMG-20260522-WA0228.jpg | C:\Users\ANC\Downloads\Compressed\Believia\Misc BELIEVIA\BELIEVIA ELECTRIC EBP-01 (LD-2010) BREAST PUMP\IMG-20260522-WA0229.jpg,false,false
53,Surgical Products,Believia,Breast Pumps,Electric,Believia Electric EBP-02 Breast Pump,4130,3129.48,sale_rate_sheet,2,C:\Users\ANC\Downloads\Compressed\Believia\Misc BELIEVIA\BELIEVIA ELECTRIC EBP-02 BREAST PUMP\IMG-20260522-WA0232.jpg | C:\Users\ANC\Downloads\Compressed\Believia\Misc BELIEVIA\BELIEVIA ELECTRIC EBP-02 BREAST PUMP\IMG-20260522-WA0233.jpg,false,false
54,Surgical Products,Believia,Air Mattresses,Air Mattress,Believia Air Mattress AM01 Machine,,,,0,,true,true
55,Surgical Products,Believia,Air Mattresses,Air Mattress,Believia Air Mattress AM01 Machine,,,,0,,true,true
56,Surgical Products,Believia,Air Mattresses,Air Mattress,Believia Air Mattress AM02 Machine,,,,0,,true,true
57,Surgical Products,Believia,Air Mattresses,Air Mattress,Believia Air Mattress AM-03 Machine,8614,5294.51,sale_rate_sheet,1,C:\Users\ANC\Downloads\Compressed\Believia\Misc BELIEVIA\BELIEVIA AIR MATTRESS AM -03 MACHINE\IMG-20260522-WA0205.jpg,false,false
58,Surgical Products,Believia,Oxygen Therapy,Oxygen Concentrators,Believia Oxygen Concentrator 5L Machine,,,,3,C:\Users\ANC\Downloads\Compressed\Believia\OXYGEN CONCENTRATOR &SUCTION UNIT\1779700802547.png | C:\Users\ANC\Downloads\Compressed\Believia\OXYGEN CONCENTRATOR &SUCTION UNIT\1779700883471.png | C:\Users\ANC\Downloads\Compressed\Believia\OXYGEN CONCENTRATOR &SUCTION UNIT\1779700953249.png,true,false
59,Surgical Products,Believia,Oxygen Therapy,Oxygen Concentrators,Believia Oxygen Concentrator OXC-10 Machine,,,,0,,true,true
60,Surgical Products,Believia,Oral Care,Oral Irrigator,Believia 0i01 Oral Irrigator Machine,14750,9510.48,sale_rate_sheet,3,C:\Users\ANC\Downloads\Compressed\Believia\Misc BELIEVIA\BELIEVIA Oi01 ORAL IRRIGATOR MACHINE\IMG-20260522-WA0210.jpg | C:\Users\ANC\Downloads\Compressed\Believia\Misc BELIEVIA\BELIEVIA Oi01 ORAL IRRIGATOR MACHINE\IMG-20260522-WA0211.jpg | C:\Users\ANC\Downloads\Compressed\Believia\Misc BELIEVIA\BELIEVIA Oi01 ORAL IRRIGATOR MACHINE\IMG-20260522-WA0212.jpg,false,false
61,Surgical Products,Believia,Suction Machines,Suction,Believia Suction SU01 Machine,18314.24,13081.6,calculated_40_percent_above_offered,3,C:\Users\ANC\Downloads\Compressed\Believia\Misc BELIEVIA\BELIEVIA SUCTION SU 01 MACHINE\IMG-20260521-WA0176.jpg | C:\Users\ANC\Downloads\Compressed\Believia\Misc BELIEVIA\BELIEVIA SUCTION SU 01 MACHINE\IMG-20260522-WA0238.jpg | C:\Users\ANC\Downloads\Compressed\Believia\Stethoscopes\IMG-20260521-WA0175.jpg,false,false
62,Surgical Products,Believia,Mobility Aids,Wheelchair,Belivia Electric EWC-01 Wheel Chair,,,,0,,true,true